sponsor_name,searched_for_ticker
Assembly Biosciences,ABUS
United States Department of Defense,ABUS
"University of Maryland, Baltimore",ABUS
University of Rochester,ACAD
Bjorn H. Ebdrup,ACAD
"Copenhagen University Hospital, Rigshospitalet",ACAD
University of Copenhagen,ACAD
Vanderbilt University Medical Center,ACAD
State University of New York - Downstate Medical Center,ACAD
"University Hospital, Strasbourg, France",ACAD
NS-PARK Network,ACAD
EUCLID Clinical Trial Platform,ACAD
F-CRIN,ACAD
University of Texas Southwestern Medical Center,ACAD
Stanley Medical Research Institute,ACAD
Ohio State University,ACAD
New York State Psychiatric Institute,ACAD
University of Kansas Medical Center,ACAD
"Research Foundation for Mental Hygiene, Inc.",ACAD
Weill Medical College of Cornell University,ACAD
Baylor College of Medicine,ACAD
