ticker,name,cik,exchange,sic_code,market_cap_usd,avg_daily_dollar_volume,last_updated
ABSI,Absci Corporation - Common Stock,0001672688,NASDAQ,8731,1534229177.0,31040376.0,2026-10-09
ABUS,Arbutus Biopharma Corporation - Common Stock,0001447028,NASDAQ,2834,640693265.0,19575721.0,2026-10-09
ACAD,ACADIA Pharmaceuticals Inc. - Common Stock,0001070494,NASDAQ,2834,3373742029.0,36131816.0,2026-10-09
ACRS,"Aclaris Therapeutics, Inc. - Common Stock",0001557746,NASDAQ,2834,557883799.0,9781160.0,2026-10-09
ADMA,ADMA Biologics Inc - Common Stock,0001368514,NASDAQ,2836,2313761727.0,27405314.0,2026-10-09
ADPT,Adaptive Biotechnologies Corporation - Common Stock,0001478320,NASDAQ,2836,4163855542.0,62219380.0,2026-10-09
ADRX,"ADARx Pharmaceuticals, Inc. - Common stock",0001802369,NASDAQ,2834,1888247459.0,22065171.0,2026-10-09
AGEN,Agenus Inc. - Common Stock,0001098972,NASDAQ,2836,340520845.0,31734420.0,2026-10-09
AGIO,"Agios Pharmaceuticals, Inc. - Common Stock",0001439222,NASDAQ,2834,1905684078.0,34083729.0,2026-10-09
AKTS,"Aktis Oncology, Inc. - Common stock",0002035832,NASDAQ,2834,986689900.0,6495341.0,2026-10-09
ALKS,Alkermes plc - Ordinary Shares,0001520262,NASDAQ,2834,6728984942.0,74306022.0,2026-10-09
ALLO,"Allogene Therapeutics, Inc. - Common Stock",0001737287,NASDAQ,2836,483687225.0,7956082.0,2026-10-09
ALMS,Alumis Inc. - Common Stock,0001847367,NASDAQ,2834,902163589.0,17002130.0,2026-10-09
ALT,"Altimmune, Inc. - Common Stock",0001326190,NASDAQ,2834,505746004.0,10899181.0,2026-10-09
ALVO,Alvotech - Ordinary Shares,0001898416,NASDAQ,2836,2023152633.0,5893353.0,2026-10-09
AMLX,"Amylyx Pharmaceuticals, Inc. - Common Stock",0001658551,NASDAQ,2834,3413955001.0,63367869.0,2026-10-09
AMPH,"Amphastar Pharmaceuticals, Inc. - Common Stock",0001297184,NASDAQ,2834,1097904312.0,12178603.0,2026-10-09
AMRX,"Amneal Pharmaceuticals, Inc. - Class A Common Stock",0001723128,NASDAQ,2834,6844016798.0,44755822.0,2026-10-09
ANAB,"AnaptysBio, Inc. - Common Stock",0001370053,NASDAQ,2834,1381459198.0,26024686.0,2026-10-09
ANIP,"ANI Pharmaceuticals, Inc. - Common Stock",0001023024,NASDAQ,2834,1653406014.0,26869343.0,2026-10-09
ANNX,"Annexon, Inc. - common stock",0001528115,NASDAQ,2834,758316536.0,12441600.0,2026-10-09
ANRO,"Alto Neuroscience, Inc. Common Stock",0001999480,NYSE,2834,942987786.0,12930159.0,2026-10-09
APMD,"Apnimed, Inc. - Common Stock",0001745648,NASDAQ,2834,758512765.0,10058660.0,2026-10-09
AQST,"Aquestive Therapeutics, Inc. - Common Stock",0001398733,NASDAQ,2834,597222892.0,12624534.0,2026-10-09
ARCT,Arcturus Therapeutics Holdings Inc. - Common Stock,0001768224,NASDAQ,2834,365804895.0,12027530.0,2026-10-09
ARDX,"Ardelyx, Inc. - Common Stock",0001437402,NASDAQ,2834,844273356.0,13526433.0,2026-10-09
ARQT,"Arcutis Biotherapeutics, Inc. - Common stock",0001787306,NASDAQ,2834,3078196096.0,54393490.0,2026-10-09
ARTV,"Artiva Biotherapeutics, Inc. - Common Stock",0001817241,NASDAQ,2836,332452832.0,2729296.0,2026-10-09
ARVN,"Arvinas, Inc. - Common Stock",0001655759,NASDAQ,2834,484554212.0,5881111.0,2026-10-09
ARWR,"Arrowhead Pharmaceuticals, Inc. - Common Stock",0000879407,NASDAQ,2834,8579796563.0,115410255.0,2026-10-09
ASMB,"Assembly Biosciences, Inc. - Common Stock",0001426800,NASDAQ,2834,464628795.0,6349254.0,2026-10-09
ATTO,"Attovia Therapeutics, Inc. - Common Stock",0002058707,NASDAQ,2836,744572059.0,7459688.0,2026-10-09
AURA,"Aura Biosciences, Inc. - Common Stock",0001501796,NASDAQ,2836,674599794.0,4911724.0,2026-10-09
AVBP,"ArriVent BioPharma, Inc. - Common Stock",0001868279,NASDAQ,2834,823932106.0,15058583.0,2026-10-09
AVIR,"Atea Pharmaceuticals, Inc. - common stock",0001593899,NASDAQ,2834,412539712.0,1542340.0,2026-10-09
AVLN,Avalyn Pharma Inc. - common stock,0001540171,NASDAQ,2834,1140247173.0,6295999.0,2026-10-09
AVTX,"Avalo Therapeutics, Inc. - Common Stock",0001534120,NASDAQ,2834,720250769.0,12451464.0,2026-10-09
AXSM,"Axsome Therapeutics, Inc. - Common Stock",0001579428,NASDAQ,2834,8908929621.0,120911574.0,2026-10-09
BCAX,Bicara Therapeutics Inc. - Common Stock,0002023658,NASDAQ,2834,1134048742.0,10707276.0,2026-10-09
BCRX,"BioCryst Pharmaceuticals, Inc. - Common Stock",0000882796,NASDAQ,2836,2118386011.0,34203487.0,2026-10-09
BEAM,Beam Therapeutics Inc. - Common Stock,0001745999,NASDAQ,2836,2540876598.0,47321569.0,2026-10-09
BHC,Bausch Health Companies Inc. Common Stock,0000885590,NYSE,2834,2258902974.0,19395889.0,2026-10-09
BLSM,"BlossomHill Therapeutics, Inc. - Common Stock",0001839970,NASDAQ,2834,536529237.0,4409512.0,2026-10-09
BNTC,Benitec Biopharma Inc. - Common Stock,0001808898,NASDAQ,2834,305223853.0,1341839.0,2026-10-09
BRVE,"Braveheart Bio, Inc. - Common Stock",0002131524,NASDAQ,2834,1718843932.0,10659512.0,2026-10-09
CABA,"Cabaletta Bio, Inc. - Common Stock",0001759138,NASDAQ,2836,330613626.0,9150024.0,2026-10-09
CADL,"Candel Therapeutics, Inc. - Common Stock",0001841387,NASDAQ,2836,707790498.0,11651979.0,2026-10-09
CAPR,"Capricor Therapeutics, Inc. - Common Stock",0001133869,NASDAQ,2834,465693315.0,54333914.0,2026-10-09
CBIO,"Crescent Biopharma, Inc. - Common Stock",0001253689,NASDAQ,2834,524513235.0,5592861.0,2026-10-09
CCCC,"C4 Therapeutics, Inc. - Common Stock",0001662579,NASDAQ,2836,350621626.0,6812275.0,2026-10-09
CGEM,"Cullinan Therapeutics, Inc. - Common Stock",0001789972,NASDAQ,2836,950141394.0,13530221.0,2026-10-09
CGON,"CG Oncology, Inc. - Common stock",0001991792,NASDAQ,2836,5607389974.0,56170007.0,2026-10-09
CLYM,"Climb Bio, Inc. - Common Stock",0001768446,NASDAQ,2834,623757710.0,14905817.0,2026-10-09
COAG,"Hemab Therapeutics Holdings, Inc. - Common Stock",0002114044,NASDAQ,2836,1442937266.0,14100358.0,2026-10-09
COGT,"Cogent Biosciences, Inc. - Common Stock",0001622229,NASDAQ,2834,5219631445.0,58069049.0,2026-10-09
COLL,"Collegium Pharmaceutical, Inc. - Common Stock",0001267565,NASDAQ,2834,719804623.0,16471508.0,2026-10-09
CRMD,CorMedix Inc. - Common Stock,0001410098,NASDAQ,2834,574267856.0,7760606.0,2026-10-09
CRVS,"Corvus Pharmaceuticals, Inc. - Common Stock",0001626971,NASDAQ,2834,858874841.0,10080313.0,2026-10-09
CTMX,"CytomX Therapeutics, Inc. - Common Stock",0001501989,NASDAQ,2834,538211238.0,8296520.0,2026-10-09
CTNM,"Contineum Therapeutics, Inc. - Common stock",0001855175,NASDAQ,2834,495846531.0,6764174.0,2026-10-09
CYPH,Cypherpunk Technologies Inc. - Common Stock,0001509745,NASDAQ,2834,302817907.0,27958210.0,2026-10-09
CYRX,"CryoPort, Inc. - Common Stock",0001124524,NASDAQ,2834,855969771.0,10840674.0,2026-10-09
CYTK,"Cytokinetics, Incorporated - Common Stock",0001061983,NASDAQ,2834,8620841917.0,121904216.0,2026-10-09
DMAC,DiaMedica Therapeutics Inc. - Common Stock,0001401040,NASDAQ,2834,431944845.0,1421118.0,2026-10-09
DMRA,"Damora Therapeutics, Inc. - Ordinary Shares",0001800315,NASDAQ,2834,1269282238.0,11035929.0,2026-10-09
DNA,"Ginkgo Bioworks Holdings, Inc. Class A Common Stock",0001830214,NYSE,2836,763638751.0,20267699.0,2026-10-09
DNLI,Denali Therapeutics Inc. - Common Stock,0001714899,NASDAQ,2836,2984351026.0,30244019.0,2026-10-09
DNTH,"Dianthus Therapeutics, Inc. - Common Stock",0001690585,NASDAQ,2834,4610670796.0,67924793.0,2026-10-09
DSGN,"Design Therapeutics, Inc. - Common Stock",0001807120,NASDAQ,2834,719063156.0,6947681.0,2026-10-09
DYN,"Dyne Therapeutics, Inc. - Common Stock",0001818794,NASDAQ,2834,3057039232.0,46363231.0,2026-10-09
EBS,Emergent BioSolutions Inc. Common Stock,0001367644,NYSE,2834,349171415.0,7914235.0,2026-10-09
EDIT,"Editas Medicine, Inc. - Common Stock",0001650664,NASDAQ,2836,436167286.0,7180122.0,2026-10-09
EIKN,"Eikon Therapeutics, Inc. - Common Stock",0001861123,NASDAQ,2836,406237725.0,3735975.0,2026-10-09
ELVN,"Enliven Therapeutics, Inc.  - Common Stock",0001672619,NASDAQ,2834,2976991098.0,45797325.0,2026-10-09
ENTA,"Enanta Pharmaceuticals, Inc. - Common Stock",0001177648,NASDAQ,2834,351848409.0,2752109.0,2026-10-09
ENTX,Entera Bio Ltd. - Ordinary Shares,0001638097,NASDAQ,2836,434585678.0,4493938.0,2026-10-09
EOLS,"Evolus, Inc. - Common Stock",0001570562,NASDAQ,2834,515193445.0,7015796.0,2026-10-09
EPRX,Eupraxia Pharmaceuticals Inc. - Common Stock,0001581178,NASDAQ,2834,500175445.0,4307421.0,2026-10-09
ERAS,"Erasca, Inc. - Common Stock",0001761918,NASDAQ,2834,5407321074.0,67479344.0,2026-10-09
ETON,"Eton Pharmaceuticals, Inc. - Common Stock",0001710340,NASDAQ,2834,1564926641.0,33129389.0,2026-10-09
ETRA,"Electra Therapeutics, Inc. - Common stock",0002088082,NASDAQ,2836,573689990.0,8343294.0,2026-10-09
EWTX,"Edgewise Therapeutics, Inc. - Common Stock",0001710072,NASDAQ,2834,4260539931.0,52871094.0,2026-10-09
FDMT,"4D Molecular Therapeutics, Inc. - Common Stock",0001650648,NASDAQ,2836,701601469.0,11714607.0,2026-10-09
FENC,Fennec Pharmaceuticals Inc. - Common Stock,0001211583,NASDAQ,2836,372763904.0,2037558.0,2026-10-09
FTH,"Faeth Therapeutics, Inc.  - Common Stock",0001829802,NASDAQ,2834,660193906.0,9009496.0,2026-10-09
GALT,Galectin Therapeutics Inc. - Common Stock,0001133416,NASDAQ,2834,367092715.0,1397563.0,2026-10-09
GENB,"Generate Biomedicines, Inc. - Common Stock",0002100782,NASDAQ,2834,1795650550.0,14513366.0,2026-10-09
GERN,Geron Corporation - Common Stock,0000886744,NASDAQ,2834,783817577.0,12312521.0,2026-10-09
GHRS,GH Research PLC - Ordinary Shares,0001855129,NASDAQ,2834,1403734822.0,6082771.0,2026-10-09
GLUE,"Monte Rosa Therapeutics, Inc. - Common Stock",0001826457,NASDAQ,2836,880434272.0,13657240.0,2026-10-09
HELP,Helus Pharma Inc.  - Common Stock,0001833141,NASDAQ,2834,783306860.0,18986879.0,2026-10-09
HRMY,"Harmony Biosciences Holdings, Inc. - Common Stock",0001802665,NASDAQ,2834,2306161074.0,35171729.0,2026-10-09
HROW,"Harrow, Inc. - Common Stock",0001360214,NASDAQ,2834,1144129199.0,16948122.0,2026-10-09
IDYA,"IDEAYA Biosciences, Inc. - Common Stock",0001676725,NASDAQ,2834,3479410926.0,28209595.0,2026-10-09
IMMX,"Immix Biopharma, Inc. - Common Stock",0001873835,NASDAQ,2834,770168412.0,15256688.0,2026-10-09
IMNM,"Immunome, Inc. - Common Stock",0001472012,NASDAQ,2834,2278640107.0,23255940.0,2026-10-09
IMTX,Immatics N.V. - Ordinary Shares,0001809196,NASDAQ,2836,1121898800.0,4386757.0,2026-10-09
IMVT,"Immunovant, Inc.  - Common Stock",0001764013,NASDAQ,2836,6250284205.0,37307433.0,2026-10-09
INBX,"Inhibrx Biosciences, Inc. - Common Stock",0002007919,NASDAQ,2836,1365210173.0,26960045.0,2026-10-09
INDP,"Indaptus Therapeutics, Inc. - Common Stock",0001857044,NASDAQ,2834,315784293.0,1953316.0,2026-10-09
INDV,"Indivior Pharmaceuticals, Inc.  - Common Stock",0001625297,NASDAQ,2834,4184232150.0,73279654.0,2026-10-09
INVA,"Innoviva, Inc. - Common Stock",0001080014,NASDAQ,2834,1507763333.0,17045928.0,2026-10-09
IONS,"Ionis Pharmaceuticals, Inc. - Common Stock",0000874015,NASDAQ,2834,7195781016.0,163369598.0,2026-10-09
IOVA,"Iovance Biotherapeutics, Inc. - Common Stock",0001425205,NASDAQ,2836,6029049950.0,236316329.0,2026-10-09
IRD,"Opus Genetics, Inc. - Common Stock",0001228627,NASDAQ,2834,371053374.0,10487949.0,2026-10-09
IRON,"Disc Medicine, Inc. - Common Stock",0001816736,NASDAQ,2834,2333133147.0,28479010.0,2026-10-09
IRWD,"Ironwood Pharmaceuticals, Inc. - Class A Common Stock",0001446847,NASDAQ,2834,639478576.0,7885047.0,2026-10-09
JANX,"Janux Therapeutics, Inc. - Common Stock",0001817713,NASDAQ,2834,1131030301.0,15666189.0,2026-10-09
JBIO,"Jade Biosciences, Inc. - Common Stock",0001798749,NASDAQ,2834,899903002.0,12743957.0,2026-10-09
KARD,"Kardigan, Inc. - Common Stock",0002123613,NASDAQ,2834,1327752508.0,6870698.0,2026-10-09
KLRA,"Kailera Therapeutics, Inc. - Common stock",0002096997,NASDAQ,2834,1296436760.0,8585600.0,2026-10-09
KNSA,"Kiniksa Pharmaceuticals International, plc - Class A Ordinary Shares",0001730430,NASDAQ,2834,6144391024.0,45390476.0,2026-10-09
KOD,Kodiak Sciences Inc - Common Stock,0001468748,NASDAQ,2836,5924189951.0,147322068.0,2026-10-09
KRSA,"Korsana Biosciences, Inc. - Common Stock",0001755237,NASDAQ,2834,1526093075.0,1065484.0,2026-10-09
KRYS,"Krystal Biotech, Inc. - Common Stock",0001711279,NASDAQ,2836,9687698661.0,124076152.0,2026-10-09
KURA,"Kura Oncology, Inc. - Common Stock",0001422143,NASDAQ,2834,935865753.0,18579657.0,2026-10-09
KYMR,"Kymera Therapeutics, Inc. - Common Stock",0001815442,NASDAQ,2836,8990754619.0,76919549.0,2026-10-09
KYTX,"Kyverna Therapeutics, Inc. - Common Stock",0001994702,NASDAQ,2836,382192473.0,5593104.0,2026-10-09
LBRX,LB Pharmaceuticals Inc - Common Stock,0001691082,NASDAQ,2834,1116490066.0,11860986.0,2026-10-09
LGND,Ligand Pharmaceuticals Incorporated - Common Stock,0000886163,NASDAQ,2834,5881004655.0,77757280.0,2026-10-09
LQDA,Liquidia Corporation - Common Stock,0001819576,NASDAQ,2834,2491765375.0,68398698.0,2026-10-09
LTGO,"Latigo Biotherapeutics, Inc. - Common Stock",0002056611,NASDAQ,2834,980567340.0,5786780.0,2026-10-09
LXRX,"Lexicon Pharmaceuticals, Inc. - Common Stock",0001062822,NASDAQ,2834,783122440.0,5061359.0,2026-10-09
MANE,"Veradermics, Incorporated Common Stock",0001827635,NYSE,2834,5290435020.0,97792421.0,2026-10-09
MAZE,"Maze Therapeutics, Inc. - Common Stock",0001842295,NASDAQ,2836,1437612421.0,14636123.0,2026-10-09
MBX,"MBX Biosciences, Inc. - Common Stock",0001776111,NASDAQ,2834,2564525112.0,28616923.0,2026-10-09
MGTX,MeiraGTx Holdings plc - Ordinary Shares,0001735438,NASDAQ,2836,1008451458.0,8377698.0,2026-10-09
MIRM,"Mirum Pharmaceuticals, Inc. - common stock",0001759425,NASDAQ,2834,5282234615.0,56799301.0,2026-10-09
MLTX,MoonLake Immunotherapeutics - Class A Ordinary Shares,0001821586,NASDAQ,2834,900428721.0,15560715.0,2026-10-09
MLYS,"Mineralys Therapeutics, Inc. - Common Stock",0001933414,NASDAQ,2834,1978546012.0,23397842.0,2026-10-09
MNKD,MannKind Corporation - Common Stock,0000899460,NASDAQ,2834,1099682160.0,15339165.0,2026-10-09
MNPR,Monopar Therapeutics Inc. - Common Stock,0001645469,NASDAQ,2834,563688227.0,18060320.0,2026-10-09
MPLT,"MapLight Therapeutics, Inc. - Common Stock",0001770069,NASDAQ,2834,508517808.0,7766703.0,2026-10-09
MRVI,"Maravai LifeSciences Holdings, Inc. - Class A common stock",0001823239,NASDAQ,2834,1074214625.0,24028298.0,2026-10-09
NAMS,NewAmsterdam Pharma Company N.V. - Ordinary Shares,0001936258,NASDAQ,2834,2485378620.0,28727023.0,2026-10-09
NGNE,Neurogene Inc. - Common Stock,0001404644,NASDAQ,2834,530301623.0,6626219.0,2026-10-09
NKTR,Nektar Therapeutics - Common Stock,0000906709,NASDAQ,2834,1393034129.0,43569993.0,2026-10-09
NRC,NRC Health - Common Stock,0000070487,NASDAQ,8731,451681539.0,2350465.0,2026-10-09
NRIX,"Nurix Therapeutics, Inc. - Common stock",0001549595,NASDAQ,2834,2304991084.0,28552242.0,2026-10-09
NUVB,Nuvation Bio Inc. Class A Common Stock,0001811063,NYSE,2834,1738059936.0,28229483.0,2026-10-09
NVAX,"Novavax, Inc. - Common Stock",0001000694,NASDAQ,2836,1816052481.0,56976069.0,2026-10-09
NVCT,"Nuvectis Pharma, Inc. - Common Stock",0001875558,NASDAQ,2834,657125021.0,4374672.0,2026-10-09
OABI,"OmniAb, Inc. - Common Stock",0001846253,NASDAQ,8731,677519232.0,6782844.0,2026-10-09
OBX,"Obsidian Therapeutics, Inc. - Common Stock",0002130606,NASDAQ,2834,756099988.0,4496364.0,2026-10-09
OCGN,"Ocugen, Inc. - Common Stock",0001372299,NASDAQ,2836,331310861.0,5767244.0,2026-10-09
OCS,Oculis Holding AG - Ordinary shares,0001953530,NASDAQ,2834,533352703.0,2261265.0,2026-10-09
OCUL,"Ocular Therapeutix, Inc. - Common Stock",0001393434,NASDAQ,2834,1649315219.0,21004081.0,2026-10-09
ODTX,"Odyssey Therapeutics, Inc. - Common Stock",0001882782,NASDAQ,2836,870820550.0,4948935.0,2026-10-09
OGN,Organon & Co. Common Stock ,0001821825,NYSE,2834,3610879704.0,36239748.0,2026-10-09
OLMA,"Olema Pharmaceuticals, Inc. - Common Stock",0001750284,NASDAQ,2834,684231302.0,8342587.0,2026-10-09
OMER,Omeros Corporation - Common Stock,0001285819,NASDAQ,2834,1384064663.0,32966247.0,2026-10-09
OPK,"Opko Health, Inc. - Common Stock",0000944809,NASDAQ,2834,1022469672.0,4574466.0,2026-10-09
ORIC,"Oric Pharmaceuticals, Inc. - Common Stock",0001796280,NASDAQ,2834,1246941424.0,17672864.0,2026-10-09
ORKA,"Oruka Therapeutics, Inc. - Common Stock",0000907654,NASDAQ,2834,5116685458.0,68889400.0,2026-10-09
OVID,Ovid Therapeutics Inc. - Common Stock,0001636651,NASDAQ,2834,456996969.0,3689422.0,2026-10-09
PAHC,Phibro Animal Health Corporation - Class A Common Stock,0001069899,NASDAQ,2834,1518500014.0,8797041.0,2026-10-09
PBH,Prestige Consumer Healthcare Inc. Common Stock,0001295947,NYSE,2834,2267818318.0,26120361.0,2026-10-09
PBLS,"Parabilis Medicines, Inc. - Common Stock",0001657677,NASDAQ,2834,3470048730.0,19282746.0,2026-10-09
PBYI,Puma Biotechnology Inc - Common Stock,0001401667,NASDAQ,2834,514652072.0,3219293.0,2026-10-09
PCRX,"Pacira BioSciences, Inc. - Common Stock",0001396814,NASDAQ,2834,1450574007.0,37279116.0,2026-10-09
PCVX,"Vaxcyte, Inc. - Common Stock",0001649094,NASDAQ,2836,9674575058.0,109952132.0,2026-10-09
PGEN,"Precigen, Inc. - Common Stock",0001356090,NASDAQ,2834,2721067843.0,37987710.0,2026-10-09
PHAT,"Phathom Pharmaceuticals, Inc. - Common Stock",0001783183,NASDAQ,2834,576823669.0,9945181.0,2026-10-09
PHVS,Pharvaris N.V. - Ordinary Shares,0001830487,NASDAQ,2834,2184764286.0,22712372.0,2026-10-09
PRAX,"Praxis Precision Medicines, Inc. - Common Stock",0001689548,NASDAQ,2834,7358312497.0,107361568.0,2026-10-09
PRGO,Perrigo Company plc Ordinary Shares,0001585364,NYSE,2834,2012154053.0,40555311.0,2026-10-09
PRLD,Prelude Therapeutics Incorporated - Common Stock,0001678660,NASDAQ,2834,309023800.0,1849270.0,2026-10-09
PRME,"Prime Medicine, Inc. - Common Stock",0001894562,NASDAQ,2836,649329131.0,12115171.0,2026-10-09
PROK,ProKidney Corp. - Class A Ordinary Shares,0001850270,NASDAQ,2836,340631517.0,2157864.0,2026-10-09
PRTA,Prothena Corporation plc - Ordinary Shares,0001559053,NASDAQ,2834,442011329.0,4171355.0,2026-10-09
PTCT,"PTC Therapeutics, Inc. - Common Stock",0001070081,NASDAQ,2834,5221307888.0,71572270.0,2026-10-09
PTGX,"Protagonist Therapeutics, Inc. - Common Stock",0001377121,NASDAQ,2834,9053336391.0,89303856.0,2026-10-09
PVLA,"Palvella Therapeutics, Inc. - Common Stock",0001583648,NASDAQ,2834,1892400123.0,27887421.0,2026-10-09
QURE,uniQure N.V. - Ordinary Shares,0001590560,NASDAQ,2834,1563518990.0,44013950.0,2026-10-09
RAPP,"Rapport Therapeutics, Inc. - Common Stock",0002012593,NASDAQ,2834,1432151855.0,10677524.0,2026-10-09
RARE,Ultragenyx Pharmaceutical Inc. - Common Stock,0001515673,NASDAQ,2834,1507423864.0,58668663.0,2026-10-09
RCUS,"Arcus Biosciences, Inc. Common Stock",0001724521,NYSE,2834,2997174441.0,31768798.0,2026-10-09
REPL,"Replimune Group, Inc. - Common Stock",0001737953,NASDAQ,2836,1228624024.0,53898323.0,2026-10-09
RGNX,REGENXBIO Inc. - Common Stock,0001590877,NASDAQ,2836,534046733.0,12406347.0,2026-10-09
RIGL,"Rigel Pharmaceuticals, Inc. - Common Stock",0001034842,NASDAQ,2834,910082997.0,14105707.0,2026-10-09
RLAY,"Relay Therapeutics, Inc. - Common Stock",0001812364,NASDAQ,2836,3815255762.0,49163333.0,2026-10-09
RLMD,"Relmada Therapeutics, Inc. - Common Stock",0001553643,NASDAQ,2834,338143420.0,4246989.0,2026-10-09
RXRX,"Recursion Pharmaceuticals, Inc. - Class A Common Stock",0001601830,NASDAQ,2836,2118270819.0,81854903.0,2026-10-09
RYTM,"Rhythm Pharmaceuticals, Inc. - Common Stock",0001649904,NASDAQ,2834,6171900588.0,58677626.0,2026-10-09
RZLT,"Rezolute, Inc. - Common Stock (NV)",0001509261,NASDAQ,2834,448791612.0,6934271.0,2026-10-09
SANA,"Sana Biotechnology, Inc. - Common Stock",0001770121,NASDAQ,2836,835216166.0,8711914.0,2026-10-09
SCTX,Scribe Therapeutics Inc. - Common Stock,0001853921,NASDAQ,2836,364056198.0,6872725.0,2026-10-09
SDGR,"Schrodinger, Inc. - Common Stock",0001490978,NASDAQ,2834,1974120477.0,46492951.0,2026-10-09
SEPN,"Septerna, Inc. - Common Stock",0001984086,NASDAQ,2834,1722379416.0,14736864.0,2026-10-09
SGMT,Sagimet Biosciences Inc. - Series A Common Stock,0001400118,NASDAQ,2834,632505279.0,10983589.0,2026-10-09
SLDB,Solid Biosciences Inc. - Common Stock,0001707502,NASDAQ,2836,731276142.0,7460985.0,2026-10-09
SLS,"SELLAS Life Sciences Group, Inc.  - Common Stock",0001390478,NASDAQ,2834,2214082828.0,73491173.0,2026-10-09
SNDX,"Syndax Pharmaceuticals, Inc. - Common Stock",0001395937,NASDAQ,2834,1509120719.0,26226704.0,2026-10-09
SPRY,"ARS Pharmaceuticals, Inc. - Common Stock",0001671858,NASDAQ,2834,453479878.0,8420500.0,2026-10-09
SPTX,"Seaport Therapeutics, Inc. - Common Stock",0002042347,NASDAQ,2834,958732142.0,3261536.0,2026-10-09
SRPT,"Sarepta Therapeutics, Inc. - Common Stock",0000873303,NASDAQ,2834,1923467956.0,54490691.0,2026-10-09
SRRK,Scholar Rock Holding Corporation - Common Stock,0001727196,NASDAQ,2836,5139338993.0,64009383.0,2026-10-09
SRZN,"Surrozen, Inc. - Common Stock",0001824893,NASDAQ,2836,328747009.0,13375449.0,2026-10-09
STOK,"Stoke Therapeutics, Inc. - Common Stock",0001623526,NASDAQ,2834,1545403545.0,20347322.0,2026-10-09
STTK,"Shattuck Labs, Inc. - Common Stock",0001680367,NASDAQ,2834,568055997.0,6908551.0,2026-10-09
SUPN,"Supernus Pharmaceuticals, Inc. - Common Stock",0001356576,NASDAQ,2834,2453565350.0,32247635.0,2026-10-09
SVRA,"Savara, Inc. - Common Stock",0001160308,NASDAQ,2834,989798418.0,8818754.0,2026-10-09
SYRE,"Spyre Therapeutics, Inc. - Common Stock",0001636282,NASDAQ,2834,7374083800.0,97368459.0,2026-10-09
TARS,"Tarsus Pharmaceuticals, Inc. - Common Stock",0001819790,NASDAQ,2836,3379295764.0,64309528.0,2026-10-09
TECX,"Tectonic Therapeutic, Inc. - Common Stock",0001681087,NASDAQ,2836,444748077.0,4995468.0,2026-10-09
TGTX,"TG Therapeutics, Inc. - Common Stock",0001001316,NASDAQ,2834,8164703310.0,107060901.0,2026-10-09
TNGX,"Tango Therapeutics, Inc. - Common Stock",0001819133,NASDAQ,2834,3805535932.0,59851148.0,2026-10-09
TRAX,"First Tracks Biotherapeutics, Inc. - Ordinary Shares",0002091349,NASDAQ,2834,1116905057.0,25498749.0,2026-10-09
TRVI,"Trevi Therapeutics, Inc. - Common Stock",0001563880,NASDAQ,2834,1827252634.0,25902665.0,2026-10-09
TSHA,"Taysha Gene Therapies, Inc. - Common Stock",0001806310,NASDAQ,2836,1443442548.0,14471077.0,2026-10-09
TTRX,Turn Therapeutics Inc. - Common Stock,0002023016,NASDAQ,2834,345888159.0,1272263.0,2026-10-09
TVTX,"Travere Therapeutics, Inc. - Common Stock",0001438533,NASDAQ,2834,4905346794.0,82480799.0,2026-10-09
TYRA,"Tyra Biosciences, Inc. - Common Stock",0001863127,NASDAQ,2834,1373056055.0,17097035.0,2026-10-09
URGN,UroGen Pharma Ltd. - Ordinary Shares,0001668243,NASDAQ,2834,1807603234.0,31264926.0,2026-10-09
VCEL,Vericel Corporation - Common Stock,0000887359,NASDAQ,2836,2050824852.0,20266501.0,2026-10-09
VERA,"Vera Therapeutics, Inc. - Class A Common Stock",0001831828,NASDAQ,2834,2142442917.0,65977023.0,2026-10-09
VIR,"Vir Biotechnology, Inc. - Common Stock",0001706431,NASDAQ,2836,1881681434.0,21327882.0,2026-10-09
VKTX,"Viking Therapeutics, Inc. - Common Stock",0001607678,NASDAQ,2834,3526292352.0,113598272.0,2026-10-09
VOR,Vor Biopharma Inc. - Common Stock,0001817229,NASDAQ,2836,1131774635.0,19109454.0,2026-10-09
VRDN,"Viridian Therapeutics, Inc.  - Common Stock",0001590750,NASDAQ,2834,2077780231.0,31510394.0,2026-10-09
VSTM,"Verastem, Inc. - Common Stock",0001526119,NASDAQ,2834,734469475.0,18630721.0,2026-10-09
WVE,"Wave Life Sciences, Inc. - Common Stock",0001631574,NASDAQ,2834,683757173.0,10741399.0,2026-10-09
XERS,"Xeris Biopharma Holdings, Inc. - Common Stock",0001867096,NASDAQ,2834,1857843842.0,22061145.0,2026-10-09
XNCR,"Xencor, Inc. - Common Stock",0001326732,NASDAQ,2834,1821658227.0,32329514.0,2026-10-09
ZBIO,"Zenas BioPharma, Inc. - Common Stock",0001953926,NASDAQ,2834,1656619798.0,19217730.0,2026-10-09
ZURA,Zura Bio Limited - Class A Ordinary shares,0001855644,NASDAQ,2836,395774347.0,5911059.0,2026-10-09
ZVRA,"Zevra Therapeutics, Inc.  - Common Stock",0001434647,NASDAQ,2834,653221591.0,12265297.0,2026-10-09
ZYME,Zymeworks Inc. - Common Stock,0001937653,NASDAQ,2834,1812405016.0,17639513.0,2026-10-09
